filename,width,height,class,xmin,ymin,xmax,ymax
drone-5-_png_jpg.rf.cde8364aaa80eb6b1e2e6ae1e0de7d11.jpg,640,640,drone,86,93,543,587
drone-12-_png_jpg.rf.d0889e753ec5e4f82f1f6d3ec64736f4.jpg,640,640,girafe,0,0,126,305
zjhsrgvflzesirfjlvbckesjdhrgvdkceijghfvclzef_png_jpg.rf.cdeb2d4d913be5cdb07a866a8244426a.jpg,640,640,girafe,4,8,562,552
images_png_jpg.rf.cf5cae0de2b0ebacd5d29f1a36af0eff.jpg,640,640,drone,8,9,632,633
jgberbgseg_png_jpg.rf.d05e9dcd4fbd446bbf5495862e0d9759.jpg,640,640,drone,0,0,640,640
JGHKVUJVHB_jpg.rf.d088b10cb560c41a3c9a23e347e8b04e.jpg,640,640,drone,14,15,628,625
drone-38-_png_jpg.rf.d0ad18f4c9634156e8944dc07debe5af.jpg,640,640,drone,3,0,640,640
telechargement-1-_jpg.rf.d362109147a4a3e3b0ef78fd203187a5.jpg,640,640,drone,18,13,624,622
drone-7-_png_jpg.rf.d0c35a0c8c2bcadb1e11b099ae76f5e6.jpg,640,640,drone,116,114,526,534
drone-19-_png_jpg.rf.d321c978faa377731d8c38dd6eede344.jpg,640,640,drone,0,0,640,640
drone-38-_png_jpg.rf.d1ff0c117fd78c6d9d8af606c05a386d.jpg,640,640,drone,3,0,640,640
drone-37-_png_jpg.rf.d15d2b635b1567df94430fb54a0fd5cb.jpg,640,640,drone,3,0,640,640
drone-31-_png_jpg.rf.d06494a87a6226846fa1bd3884fe948e.jpg,640,640,drone,1,0,640,640
ekhtehgehgeuhg_png_jpg.rf.d530b80a1ff086a617ec1dfc437d6f7f.jpg,640,640,cat,30,0,610,640
drone-5-_png_jpg.rf.d5ca28d7c53d363d753b9bab4c64c860.jpg,640,640,drone,86,93,543,587
drone-26-_png_jpg.rf.ce427a7aa0e48ec10bc6cf3e04003672.jpg,640,640,drone,0,0,640,640
jgberbgseg_png_jpg.rf.d5c7af561b7ef8bb501ab6321aada27c.jpg,640,640,drone,0,0,640,640
drone-24-_png_jpg.rf.d5d12dabe6ccb1aa48d15b967486a116.jpg,640,640,drone,142,40,518,571
erkhgbejkgn_jpg.rf.d7550babe27170ce23dacaf1186d851b.jpg,640,640,drone,1,1,640,640
JGHKVUJVHB_png_jpg.rf.d6ff058cb3ddbce0cc9954b447c94d21.jpg,640,640,drone,14,12,625,624
JGHKVUJVHB_png_jpg.rf.d7ec970ad0d0bd64aba8b2348e17cba1.jpg,640,640,drone,14,12,625,624
drone-36-_png_jpg.rf.d92d959c01fac8f5000acd040a489008.jpg,640,640,drone,0,1,640,640
drone-35-_png_jpg.rf.d6de27271f3814dfa24b477acd426928.jpg,640,640,drone,18,17,624,625
drone-8-_png_jpg.rf.d8f7ce003e85557509421a2c467ae621.jpg,640,640,drone,1,0,640,640
drone-50-_png_jpg.rf.d6e096b0e854a14f15781684c903c7f4.jpg,640,640,drone,21,3,621,640
drone-59-_png_jpg.rf.d9b05d751358c8b437dfdbd4b55341e5.jpg,640,640,nothing,27,52,619,589
QERGHRSHSRT_jpg.rf.dc57a7d89a45d64913bcd3f3b4c5dc1d.jpg,640,640,drone,90,17,540,624
drone-58-_png_jpg.rf.da325174e2cb83d488a1f86af7754501.jpg,640,640,drone,0,0,640,640
drone-31-_png_jpg.rf.de61c450d5123111e35b7d4790a3faec.jpg,640,640,drone,1,0,640,640
drone-34-_png_jpg.rf.db49e76ee3b281b34b4ee44035d03727.jpg,640,640,nothing,0,0,640,640
images_jpg.rf.e131f14718e7dd432b561abaad85c1b4.jpg,640,640,drone,13,8,634,620
images_png_jpg.rf.e115bf437a1a5a272992de3e9e037eb6.jpg,640,640,drone,8,9,632,633
drone-46-_png_jpg.rf.e62c6335e5789712de6bef9b1e1b1173.jpg,640,640,nothing,3,0,640,640
drone-1-_png_jpg.rf.e59efa0b60cfb5510857e0f1094a6df9.jpg,640,640,drone,1,0,640,640
sjdgs_png_jpg.rf.e4b96d6016c93144c59c855a9bf608f6.jpg,640,640,drone,1,2,640,640
drone-32-_png_jpg.rf.e1fc973572518167888eb86dc778d21b.jpg,640,640,drone,157,59,498,552
drone-18-_png_jpg.rf.e2bbc911767ce28c5e084e0fd366ca8c.jpg,640,640,nothing,0,0,640,640
telechargement-1-_png_jpg.rf.dc801e37de6bbf6ff7d2a7ce083fec90.jpg,640,640,drone,22,13,622,625
drone-30-_png_jpg.rf.e30ad4f9bb0b2b7cb02d9b2b15480bcf.jpg,640,640,drone,0,0,640,640
drone-10-_png_jpg.rf.e2b9cc836c99cc2dcc0b995b47116d2c.jpg,640,640,drone,3,0,640,640
JDFBGKERBG_png_jpg.rf.df9172a3a6944bd4562723214f66cad2.jpg,640,640,girafe,87,0,560,640
drohne_png_jpg.rf.e648137029b4e6fa1319dd686597b830.jpg,640,640,drone,0,0,640,640
HCHCC_png_jpg.rf.e5f08d9d85b4e8cdddfae5e545ab3245.jpg,640,640,cat,38,0,533,640
djfhbgkdbgsrg_png_jpg.rf.db73529b202c40596f41e3755f4effba.jpg,640,640,girafe,99,0,539,640
drone-6-_png_jpg.rf.e0416ed068b573839a15b1b584699196.jpg,640,640,drone,1,0,640,640
drone-14-_png_jpg.rf.e69a950b1677f57f467c505cc4c6476f.jpg,640,640,drone,1,0,640,640
drone-31-_png_jpg.rf.da629b7762f8c2e5e2904e7377ca4340.jpg,640,640,drone,1,0,640,640
drone-10-_png_jpg.rf.e35a2b1fe7b00d2b0d00dec0c139f5cd.jpg,640,640,drone,3,0,640,640
drone-51-_png_jpg.rf.de45cfe09a8ed3a467c3ea13e6cc4344.jpg,640,640,drone,0,0,640,640
erkhgbejkgn_jpg.rf.dc5b3d4bccde4bae456bd4edaf8de84e.jpg,640,640,drone,1,1,640,640
drone-14-_png_jpg.rf.dfb508947d5b7fd5ab800c85c19459f9.jpg,640,640,drone,1,0,640,640
drone-14-_png_jpg.rf.e5396f1fcf1cf8d6e125b0f13d2563c1.jpg,640,640,drone,1,0,640,640
gHDVEZ_jpg.rf.e6fe39a9a6b864065c16e14f70fe6261.jpg,640,640,cucumber,0,36,640,301
gHDVEZ_jpg.rf.e6fe39a9a6b864065c16e14f70fe6261.jpg,640,640,cucumber,40,227,295,490
gHDVEZ_jpg.rf.e6fe39a9a6b864065c16e14f70fe6261.jpg,640,640,cucumber,246,340,514,598
telechargement-1-_png_jpg.rf.e75774916276116410c8d17ecc4e766a.jpg,640,640,drone,22,13,622,625
drone-13-_png_jpg.rf.e66d82280ea6ed01c3f9f5d038db829f.jpg,640,640,drone,3,26,557,616
drone-32-_png_jpg.rf.e3d06689df32507ec885b19331d372e2.jpg,640,640,drone,157,59,498,552
drone-44-_png_jpg.rf.e81e7463e2e4655ed004353b0c97ddd4.jpg,640,640,drone,19,20,621,622
QERGHRSHSRT_jpg.rf.e83ee5fffd801d1e43d3b1f44d1c5a5c.jpg,640,640,drone,90,17,540,624
drone-34-_png_jpg.rf.e6ea547f0811c3b4b04509579182365c.jpg,640,640,nothing,0,0,640,640
drone-15-_png_jpg.rf.ea5382ecf8380a7c3594290d087cc5b5.jpg,640,640,drone,189,158,333,326
drone-24-_png_jpg.rf.eaa2c776387873611464e5b3c842ffb5.jpg,640,640,drone,142,40,518,571
dhjsxbvjsdbvbh_png_jpg.rf.ebb8b7a3bec180966bb9eb12d3ad7bcd.jpg,640,640,girafe,100,0,544,639
images_png_jpg.rf.eac596bbffb4600d27f058e75adce4db.jpg,640,640,drone,8,9,632,633
drone-14-_png_jpg.rf.ee4ada2dd16f9fd5d129fcd76808bfdc.jpg,640,640,drone,1,0,640,640
1800267_png_jpg.rf.e87a4b51b7ac6e01153736d2fda74c7a.jpg,640,640,drone,1,0,640,640
dhjsxbvjsdbvbh_png_jpg.rf.e881d7acc116406e6932a58a0cfba7b0.jpg,640,640,girafe,100,0,544,639
sjhgfze_png_jpg.rf.e99a3fb19172cdeb6dd583c3b37f6476.jpg,640,640,nothing,5,3,633,633
drone-24-_png_jpg.rf.edd208d8176b71513508a191fab6e8b1.jpg,640,640,drone,142,40,518,571
drone-47-_png_jpg.rf.eeb76be772a8c6ef25d9f8eadc66b386.jpg,640,640,drone,0,0,640,640
drone-27-_png_jpg.rf.ea456dc0d72c9bd5a5da49a746e06555.jpg,640,640,drone,3,0,640,640
drohne_png_jpg.rf.e9827408f36c71f886bd4c5aebd1e323.jpg,640,640,drone,0,0,640,640
drone-20-_png_jpg.rf.ec9849373411e0d5ad4b8f6f634b10f4.jpg,640,640,drone,0,0,640,640
drone-46-_png_jpg.rf.ec38a6cfdd28ace8a0ce1fec9595b67e.jpg,640,640,nothing,3,0,640,640
jgberbgseg_jpg.rf.e96be8ed13df6b2935e97f0711e9e76a.jpg,640,640,drone,2,1,640,640
drone-25-_png_jpg.rf.ea6ade78bd18d88b33510162223bca27.jpg,640,640,drone,145,49,519,583
drone-24-_png_jpg.rf.e9ddda529c533b29864d73bb116e3f22.jpg,640,640,drone,142,40,518,571
drone-21-_png_jpg.rf.ef819707b69315c20d42681129bc827f.jpg,640,640,nothing,0,0,640,640
telechargement-1-_jpg.rf.efbf4e252ed7ebb4f7e0b287ed250b96.jpg,640,640,drone,18,13,624,622
drone-48-_png_jpg.rf.ed8c9fc165b7ccb32704c0485883f7d7.jpg,640,640,drone,0,0,640,640
JDFBGKERBG_png_jpg.rf.f10947d2d5083869ac66b75b3023af3e.jpg,640,640,girafe,87,0,560,640
drone-56-_png_jpg.rf.f21cbb4774914c400aea8f3cc7bce926.jpg,640,640,drone,77,0,566,640
drone-5-_png_jpg.rf.ef75f0f7df78b6e5366520e202b12fe5.jpg,640,640,drone,86,93,543,587
sjdgs_jpg.rf.efef95f198fbbefe7d6f843c5b825f07.jpg,640,640,drone,3,0,640,640
drone-35-_png_jpg.rf.f3ef2853a4f14ef39e54a27dafb6eff1.jpg,640,640,drone,18,17,624,625
drone-24-_png_jpg.rf.f6e95cc33be44084e7ebde0209f5980d.jpg,640,640,drone,142,40,518,571
drone-50-_png_jpg.rf.f1ec64f9804cff50371d0ab8596f04ef.jpg,640,640,drone,21,3,621,640
QERGHRSHSRT_png_jpg.rf.f031868441d2bc1f7416fded1ad10b59.jpg,640,640,drone,100,14,539,621
jejbfjebjerhbv_jpg.rf.efe6f1a9c1732dbcecc85d053e8fc442.jpg,640,640,cucumber,4,38,640,304
jejbfjebjerhbv_jpg.rf.efe6f1a9c1732dbcecc85d053e8fc442.jpg,640,640,cucumber,34,229,298,489
jejbfjebjerhbv_jpg.rf.efe6f1a9c1732dbcecc85d053e8fc442.jpg,640,640,cucumber,252,339,508,598
drone-21-_png_jpg.rf.ee766ec96928dca8e74705e816ece603.jpg,640,640,nothing,0,0,640,640
drone-26-_png_jpg.rf.f579c16a71ab9b237b38a14850dc3a55.jpg,640,640,drone,0,0,640,640
drone-39-_png_jpg.rf.eac696e65426f35fe759071f15547635.jpg,640,640,drone,0,0,640,640
zjhsrgvflzesirfjlvbckesjdhrgvdkceijghfvclzef_png_jpg.rf.f1c49bd76051cd97fb7b60b6add451ce.jpg,640,640,girafe,4,8,562,552
1818401_png_jpg.rf.f47578f8a051426f48e428064b4ae92d.jpg,640,640,drone,18,14,625,629
djfhbgkdbgsrg_png_jpg.rf.f11eacf09989990dc1a8ead595bf891d.jpg,640,640,girafe,99,0,539,640
djfhbgkdbgsrg_jpg.rf.f2d3ff0a4e5dadc5a0f47c22fd75a7a2.jpg,640,640,girafe,101,1,545,640
drone-17-_png_jpg.rf.fb442f28d85ea80347425609c11f7567.jpg,640,640,drone,90,149,548,504
drone-27-_png_jpg.rf.f9487db277fde150772b3e4568891cce.jpg,640,640,drone,3,0,640,640
drone-9-_png_jpg.rf.f136fb4d40d51546a73f0f1a2fe58a2a.jpg,640,640,drone,1,1,640,640
jejbfjebjerhbv_png_jpg.rf.fa8412a23fa9198aad67e1935e70ef7c.jpg,640,640,cucumber,0,32,640,302
jejbfjebjerhbv_png_jpg.rf.fa8412a23fa9198aad67e1935e70ef7c.jpg,640,640,cucumber,30,225,299,487
jejbfjebjerhbv_png_jpg.rf.fa8412a23fa9198aad67e1935e70ef7c.jpg,640,640,cucumber,251,338,511,605
drone-9-_png_jpg.rf.fd18994678c2c1c36f51845babf546e6.jpg,640,640,drone,1,1,640,640
drone-58-_png_jpg.rf.fa693159d120218a1c956ede4214183f.jpg,640,640,drone,0,0,640,640
drone-15-_png_jpg.rf.fc64f062f922084940188042cdd8ad78.jpg,640,640,drone,189,158,333,326
QERGHRSHSRT_png_jpg.rf.fa8ad22d6f29fbcdd485566ea7b274b4.jpg,640,640,drone,100,14,539,621
YUKGO_png_jpg.rf.fc40f2e03eda9c4cf880dc728eb9f2a2.jpg,640,640,drone,16,14,623,619
djfhbgkdbgsrg_png_jpg.rf.fad31e0a317b070da81f0c002d4da136.jpg,640,640,girafe,99,0,539,640
drone-14-_png_jpg.rf.fd5d3f819128d49bc841d6cf6b1bfd31.jpg,640,640,drone,1,0,640,640
drohne_png_jpg.rf.f23560a70970a51c15d6de3e94c1609d.jpg,640,640,drone,0,0,640,640
QERGHRSHSRT_png_jpg.rf.fc531653fb120b7c9696969ba1cad223.jpg,640,640,drone,100,14,539,621
drone-33-_png_jpg.rf.fe952ef8b977d0a47692f7ca59cc1122.jpg,640,640,drone,164,182,486,467
dhjsxbvjsdbvbh_png_jpg.rf.fe755580447f634d0cadce5241f0d670.jpg,640,640,girafe,100,0,544,639
drone-19-_png_jpg.rf.fcec8a9c0824038dc036778704930c2a.jpg,640,640,drone,0,0,640,640
drone-21-_png_jpg.rf.fdc78ae574d5dc7b97ea689f95f917ec.jpg,640,640,nothing,0,0,640,640
JDFBGKERBG_jpg.rf.ffd309dd312356452509645a2576a8fd.jpg,640,640,girafe,84,0,562,640
jgberbgseg_png_jpg.rf.feeac59e5eef6f37357f26e4afad5890.jpg,640,640,drone,0,0,640,640
drone-40-_png_jpg.rf.fec9030c4bd8b400cd73b7dd50480290.jpg,640,640,drone,1,0,640,640
dhjsxbvjsdbvbh_png_jpg.rf.00342439afa20c7a17234eb57085fa7b.jpg,640,640,girafe,100,0,544,639
drone-24-_png_jpg.rf.03c31e184048a301feefd85776e44db3.jpg,640,640,drone,142,40,518,571
drohne_jpg.rf.003d12f82ea3873b1c689773c0e6b7eb.jpg,640,640,drone,1,1,640,640
drone-38-_png_jpg.rf.003d8339e50e3c97c2ca6d8d1544944c.jpg,640,640,drone,3,0,640,640
drone-57-_png_jpg.rf.01410b3ba8889079c412b156554c9401.jpg,640,640,drone,1,0,640,640
drone-5-_png_jpg.rf.02d2352476008adab1525a53d7d6412f.jpg,640,640,drone,86,93,543,587
dhjsxbvjsdbvbh_jpg.rf.03224eb668fa557bc29482f68b82863b.jpg,640,640,girafe,103,0,539,640
drone-53-_png_jpg.rf.023c71248931540bcd6de50371326cd0.jpg,640,640,drone,3,0,640,640
drone-5-_png_jpg.rf.05df5fbee76ef124a40107b00ef3a2b4.jpg,640,640,drone,86,93,543,587
HCHCC_png_jpg.rf.06897ae10928a3b144a1421fb239bc2e.jpg,640,640,cat,38,0,533,640
drone-18-_png_jpg.rf.0601553ce7c67efe5106fc900bb34553.jpg,640,640,nothing,1,1,640,640
drone-27-_png_jpg.rf.05603fcae6a49254e0c4cd718f610993.jpg,640,640,drone,3,0,640,640
drone-9-_png_jpg.rf.06c9c38a1f8a76766acaf750a5a92d73.jpg,640,640,drone,1,1,640,640
drone-18-_png_jpg.rf.031358b10d403176401665eebfe3e90b.jpg,640,640,nothing,1,1,640,640
drone-52-_png_jpg.rf.04bb5843818b2d2a8ad5c843f7d69b4e.jpg,640,640,drone,178,238,462,448
sjdgs_jpg.rf.0724863a6389ca14e7027af7270eada8.jpg,640,640,drone,3,0,640,640
drone-50-_png_jpg.rf.095b091c2a8d7f5b990d8778ab9a1eb2.jpg,640,640,drone,21,3,621,640
1818401_png_jpg.rf.0905fb3493395cee5ad01cd3b295f0c8.jpg,640,640,drone,18,14,625,629
drone-37-_png_jpg.rf.08c187a2adc5d72442ce98f38a7dde8f.jpg,640,640,drone,3,0,640,640
drone-52-_png_jpg.rf.09e3b5185fab437db0555e1484c5d0c6.jpg,640,640,drone,178,238,462,448
ekhtehgehgeuhg_jpg.rf.0a55376586f32e57316411b52362a2ec.jpg,640,640,cat,29,0,614,640
drone-55-_png_jpg.rf.0a7fd4c025e7813901a40ea3d7e23435.jpg,640,640,drone,80,0,562,640
telechargement-1-_png_jpg.rf.0742c4344dd4e694b703c745bea66b35.jpg,640,640,drone,22,13,622,625
drone-55-_png_jpg.rf.078a640bef1c275f5c6451be0a60979d.jpg,640,640,drone,80,0,562,640
drone-46-_png_jpg.rf.0910c3f25f4b47cf88e231d55bf52fd6.jpg,640,640,nothing,3,0,640,640
drone-25-_png_jpg.rf.0ecf3c26b52055fa75c767bd00bba113.jpg,640,640,drone,145,49,519,583
drone-19-_png_jpg.rf.12213ff4b58391afc05aeac2bfa91c68.jpg,640,640,drone,0,0,640,640
drone-1-_png_jpg.rf.11a50dec89c272292abd8891e9585b3d.jpg,640,640,drone,1,0,640,640
HCHCC_png_jpg.rf.13f0a57a0ab6d287c81870544bdb6c88.jpg,640,640,cat,38,0,533,640
zjhsrgvflzesirfjlvbckesjdhrgvdkceijghfvclzef_png_jpg.rf.126f75c24dd1400880a250308924148c.jpg,640,640,girafe,4,8,562,552
drone-39-_png_jpg.rf.0d2cf7b28262d6cdb050e52b97a5bc52.jpg,640,640,drone,0,0,640,640
drone-24-_png_jpg.rf.1074d143d79acc4a84b01eeaa9c50aa3.jpg,640,640,drone,142,40,518,571
drone-37-_png_jpg.rf.0f3f34f53146b0cd64f49516f59a2ade.jpg,640,640,drone,3,0,640,640
drone-48-_png_jpg.rf.1172ee17c697360efc996b21d8d608e2.jpg,640,640,drone,0,0,640,640
gHDVEZ_png_jpg.rf.0c504ea2493675068fdb571c9ff5696d.jpg,640,640,cucumber,0,31,640,306
gHDVEZ_png_jpg.rf.0c504ea2493675068fdb571c9ff5696d.jpg,640,640,cucumber,31,231,301,487
gHDVEZ_png_jpg.rf.0c504ea2493675068fdb571c9ff5696d.jpg,640,640,cucumber,245,338,515,601
drone-23-_png_jpg.rf.0f4f4594a4afc47ca46f09e90c849654.jpg,640,640,drone,76,0,567,640
QERGHRSHSRT_png_jpg.rf.131a93ecedd80c93171f321b24519e98.jpg,640,640,drone,100,14,539,621
drone-22-_png_jpg.rf.1097c59b16af39fc84bc9d6b4c27211b.jpg,640,640,drone,0,0,640,640
ekhtehgehgeuhg_jpg.rf.0ea16068097f8c53bec7e806be1a52bb.jpg,640,640,cat,29,0,614,640
srger_jpg.rf.0b18f7130ec9581dc3fb02b4bcff27eb.jpg,640,640,cat,29,2,614,639
djfhbgkdbgsrg_jpg.rf.1450e2928f9aafafbef757dd28c5f20a.jpg,640,640,girafe,101,1,545,640
drone-14-_png_jpg.rf.14c662bda71ffd6b83e7cac5b094274c.jpg,640,640,drone,1,0,640,640
YUKGO_png_jpg.rf.108db5fa82fdfdf1c057d1a2b5147572.jpg,640,640,drone,16,14,623,619
drone-51-_png_jpg.rf.131324cf0589303f2f399f9d0bdc33d6.jpg,640,640,drone,0,0,640,640
sjdgs_png_jpg.rf.12464686a42b0ef842c3f8acf9dc4e50.jpg,640,640,drone,1,2,640,640
HCHCC_png_jpg.rf.13046a185048d73155becb3b1b2952b9.jpg,640,640,cat,38,0,533,640
drone-40-_png_jpg.rf.13418929a93543bfb8a8ef2e8dbb2a10.jpg,640,640,drone,1,0,640,640
drone-43-_png_jpg.rf.154a163c08d61fd8d3345df23b45a8ae.jpg,640,640,drone,17,13,621,624
drone-50-_png_jpg.rf.10829f4fdb90641d0ef4b09f4220a056.jpg,640,640,drone,21,3,621,640
JDFBGKERBG_png_jpg.rf.120866ca7e984fe5dc9c25008e90fa35.jpg,640,640,girafe,87,0,560,640
drone-51-_png_jpg.rf.0b518dd4fa3d7553e1b4ca97b3c8e783.jpg,640,640,drone,0,0,640,640
drone-8-_png_jpg.rf.197e349d4495c2cdb7e3b05ffdb3a75b.jpg,640,640,drone,1,0,640,640
drone-20-_png_jpg.rf.163f6f72a0347ff3fb8ef39960a114b7.jpg,640,640,drone,0,0,640,640
drone-2-_png_jpg.rf.1ae05a534c87ae4a5e931b9bc785e46b.jpg,640,640,drone,0,0,640,640
drone-34-_png_jpg.rf.16fe39574bb6a55502200c5761d9509d.jpg,640,640,nothing,0,0,640,640
sjhgfze_png_jpg.rf.16888b306b22b46457c8f855a9ab09aa.jpg,640,640,nothing,5,3,633,633
drone-51-_png_jpg.rf.19d3800005e70c3526cf5251618ef558.jpg,640,640,drone,0,0,640,640
drone-35-_png_jpg.rf.16254865811fedd8503062ead04bf129.jpg,640,640,drone,18,17,624,625
drone-57-_png_jpg.rf.17f693401a4e0ef1f13a79ce1034ae86.jpg,640,640,drone,1,0,640,640
zjhsrgvflzesirfjlvbckesjdhrgvdkceijghfvclzef_jpg.rf.1a01cd365af4a1ea25aeb69650285ba3.jpg,640,640,girafe,4,4,568,546
zjhsrgvflzesirfjlvbckesjdhrgvdkceijghfvclzef_jpg.rf.13f1c6d80d00b3023892888bc8102f92.jpg,640,640,girafe,4,4,568,546
drone-19-_png_jpg.rf.15eab850d4a3ea25afa89dc71dc00915.jpg,640,640,drone,0,0,640,640
drone-12-_png_jpg.rf.1c8bae3d0f8655266d8578acf58dcc28.jpg,640,640,girafe,0,0,126,305
drone-22-_png_jpg.rf.1b480964b6182cc46a4a2235be41012e.jpg,640,640,drone,0,0,640,640
drohne_png_jpg.rf.1a5e8d4fee02046d514a50b24f966dca.jpg,640,640,drone,0,0,640,640
drone-32-_png_jpg.rf.1ee32d37d7194aa30ff1087909291455.jpg,640,640,drone,157,59,498,552
drone-52-_png_jpg.rf.1a4873ff0477845ff6afe1ec049ed928.jpg,640,640,drone,178,238,462,448
HCHCC_png_jpg.rf.1bfd4defd03f690e13e91b7dd73751fc.jpg,640,640,cat,38,0,533,640
drone-25-_png_jpg.rf.1bd0e19ccccffecfe564cbc8533879c9.jpg,640,640,drone,145,49,519,583
drone-17-_png_jpg.rf.1f285371d8688aaca99d3f4a815ce07a.jpg,640,640,drone,90,149,548,504
drone-22-_png_jpg.rf.153dc9f91f903aece7a51b43c5cdaa59.jpg,640,640,drone,0,0,640,640
drone-22-_png_jpg.rf.1cb532fd499da1d4b0761db1111169f9.jpg,640,640,drone,0,0,640,640
drone-52-_png_jpg.rf.20a6d04058d8a31aeb7813fc28b153a4.jpg,640,640,drone,178,238,462,448
drone-57-_png_jpg.rf.1dd1647118adaeb7b5b571e77f35841e.jpg,640,640,drone,1,0,640,640
drone-5-_png_jpg.rf.1e6b04ed8d1194550e4a9ce80d96f793.jpg,640,640,drone,86,93,543,587
1818401_png_jpg.rf.20d89a0bfa0c0f7a70a0167120ba989a.jpg,640,640,drone,18,14,625,629
YUKGO_jpg.rf.202a199c94c03db1e10264a29fc97059.jpg,640,640,drone,18,12,628,624
sjdgs_png_jpg.rf.20102cd256c6501cd847d382906dc4c1.jpg,640,640,drone,1,2,640,640
drone-19-_png_jpg.rf.20c15ddd1037ad76efa38db4c4e88dcc.jpg,640,640,drone,0,0,640,640
drone-5-_png_jpg.rf.1f97cfc0bec333985a1ee4d76a1854ac.jpg,640,640,drone,86,93,543,587
drone-13-_png_jpg.rf.2173cbffdf5302d53665c5ecbfd61f78.jpg,640,640,drone,3,26,557,616
drone-16-_png_jpg.rf.1a1594535260f2da0d329a9dfb3ca01c.jpg,640,640,drone,0,0,640,640
sjdgs_png_jpg.rf.228f6891f31b02005e0caa69dca7923b.jpg,640,640,drone,1,2,640,640
drone-1-_png_jpg.rf.2177a9ec44ac2cec3ebf9d0cf93abca6.jpg,640,640,drone,1,0,640,640
YUKGO_png_jpg.rf.217ec219b89b9c81ef9a2a723d9eb509.jpg,640,640,drone,16,14,623,619
drone-38-_png_jpg.rf.22cfbe57d93f02c81740e128547e12e9.jpg,640,640,drone,3,0,640,640
drone-12-_png_jpg.rf.247943c893f78bb0f60e7daee15870f0.jpg,640,640,girafe,0,0,126,305
drone-26-_png_jpg.rf.270df747c3cb96048218fb9915aec773.jpg,640,640,drone,0,0,640,640
drone-9-_png_jpg.rf.26a562d49e385f3c6d8c63ef270fff35.jpg,640,640,nothing,1,1,640,640
1818401_jpg.rf.2582343011f08ca346887c10fa134b58.jpg,640,640,drone,0,0,640,640
drohne_png_jpg.rf.2120b75733810402de21bab5d677da19.jpg,640,640,drone,0,0,640,640
sjhgfze_png_jpg.rf.1f7db65350ce5d3df895c02dd434ca90.jpg,640,640,nothing,5,3,633,633
drone-45-_png_jpg.rf.2ca53e0be5c4a8c7f34d3dbc397d0f84.jpg,640,640,drone,0,0,640,640
drone-55-_png_jpg.rf.2784244f8bb87d17a9f1badfb0da53df.jpg,640,640,drone,80,0,562,640
drone-37-_png_jpg.rf.28bc3be43bfce9aadb185286cc0deaf8.jpg,640,640,drone,3,0,640,640
JDFBGKERBG_png_jpg.rf.27bfe495d57f02d7a4bea02f2ae0f8f4.jpg,640,640,girafe,87,0,560,640
drone-33-_png_jpg.rf.25a4a4ec4a11def8d610dc7710514975.jpg,640,640,drone,164,182,486,467
drone-31-_png_jpg.rf.25c96a844e3fc462ff57f694f9c19bf1.jpg,640,640,drone,1,0,640,640
jgberbgseg_jpg.rf.232a2e7d656a51219278aea8bc89882b.jpg,640,640,drone,2,1,640,640
JGHKVUJVHB_jpg.rf.26458a9869dc8551c0d2b3728aa7c2d6.jpg,640,640,drone,14,15,628,625
drone-34-_png_jpg.rf.2e4da875bf5b54d0c047c506eea8bba0.jpg,640,640,drone,0,0,640,640
YUKGO_jpg.rf.2f994cc9772572ece264bc2d5c775be1.jpg,640,640,drone,18,12,628,624
drohne_png_jpg.rf.2609dbd49d487287a1bbafd4c47edf24.jpg,640,640,drone,0,0,640,640
images_png_jpg.rf.2deedcb5daf204c68625a49c79f9a372.jpg,640,640,drone,8,9,632,633
ekhtehgehgeuhg_png_jpg.rf.24f4fe674ef97fb713827d9383a6ec0e.jpg,640,640,cat,30,0,610,640
drone-13-_png_jpg.rf.2ccf787b15a8761ac4f151d18a658342.jpg,640,640,drone,3,26,557,616
drone-18-_png_jpg.rf.2d3aa9d3febce52a402e1be0cd3db5f1.jpg,640,640,nothing,1,1,640,640
drone-26-_png_jpg.rf.2b37e56099c42aa311731891b41c371f.jpg,640,640,drone,0,0,640,640
drone-16-_png_jpg.rf.2fe854305d8ceade5648008538b57611.jpg,640,640,drone,0,0,640,640
QERGHRSHSRT_png_jpg.rf.2e93261597f489e4c159dead7eaf9236.jpg,640,640,drone,100,14,539,621
drone-48-_png_jpg.rf.2dcd937e6eaab61f7f4a2b845b629ec2.jpg,640,640,drone,0,0,640,640
sjdgs_png_jpg.rf.30473facfbacbca9170db251c2da216b.jpg,640,640,drone,1,2,640,640
drone-35-_png_jpg.rf.2fdb6e9da4a7148315ae456b51330ad3.jpg,640,640,drone,18,17,624,625
zjhsrgvflzesirfjlvbckesjdhrgvdkceijghfvclzef_png_jpg.rf.310b2a423631ece42dba6a5b6378bcd9.jpg,640,640,girafe,4,8,562,552
drone-13-_png_jpg.rf.352323047582a5b8540d9221484a947a.jpg,640,640,drone,3,26,557,616
drone-37-_png_jpg.rf.345a702285b2d9dc85c87e56da695480.jpg,640,640,drone,3,0,640,640
drohne_png_jpg.rf.36298f5f54ded4afea55a5e6bcf0d414.jpg,640,640,drone,0,0,640,640
drone-3-_png_jpg.rf.290cc9f2dfb1fbdd3d6b170fa139b5a1.jpg,640,640,drone,199,0,441,640
sjhgfze_png_jpg.rf.36602e28c8afb9a47830f98533dbae95.jpg,640,640,nothing,5,3,633,633
JGHKVUJVHB_png_jpg.rf.31962b7a62877ec2f64bf713eba0b82b.jpg,640,640,drone,14,12,625,624
djfhbgkdbgsrg_png_jpg.rf.32e619a50bc8a6968330a5259b4fa7cc.jpg,640,640,girafe,99,0,539,640
drone-21-_png_jpg.rf.31a424ce0b461490a66128bcf2c242a4.jpg,640,640,drone,0,0,640,640
drone-21-_png_jpg.rf.247599a7874cdcc02266b7dbc5c48b11.jpg,640,640,drone,0,0,640,640
telechargement_png_jpg.rf.3616101ef079b12d17dfe01926046697.jpg,640,640,drone,145,93,495,413
zjhsrgvflzesirfjlvbckesjdhrgvdkceijghfvclzef_png_jpg.rf.37c6ccc716a37773de75a241ad1c7992.jpg,640,640,girafe,4,8,562,552
gHDVEZ_jpg.rf.30c9df3ad0638515c273ea729fb1f2fa.jpg,640,640,cucumber,0,36,640,301
gHDVEZ_jpg.rf.30c9df3ad0638515c273ea729fb1f2fa.jpg,640,640,cucumber,40,227,295,490
gHDVEZ_jpg.rf.30c9df3ad0638515c273ea729fb1f2fa.jpg,640,640,cucumber,246,340,514,598
drone-38-_png_jpg.rf.33a8373e2cea99164718f9bfd42b5db7.jpg,640,640,drone,3,0,640,640
drone-22-_png_jpg.rf.35450a43469bfacbb638f3c98d1bd517.jpg,640,640,drone,0,0,640,640
drone-26-_png_jpg.rf.356380b648f80e77748827a4f9e15d3c.jpg,640,640,drone,0,0,640,640
drone-37-_png_jpg.rf.35e2f80c182015078596561a5b7eb0bb.jpg,640,640,drone,3,0,640,640
drone-17-_png_jpg.rf.372c49ae82b8bcee2883b650a66027f9.jpg,640,640,drone,90,149,548,504
telechargement-1-_jpg.rf.3a052d4328176ac798a56689dfa3b9c1.jpg,640,640,drone,18,13,624,622
drohne_jpg.rf.2adf9c1778c5868c65bde6a5283d1829.jpg,640,640,drone,1,1,640,640
jejbfjebjerhbv_png_jpg.rf.396f64aaff20c857cafdc87df99ea34c.jpg,640,640,cucumber,0,32,640,302
jejbfjebjerhbv_png_jpg.rf.396f64aaff20c857cafdc87df99ea34c.jpg,640,640,cucumber,30,225,299,487
jejbfjebjerhbv_png_jpg.rf.396f64aaff20c857cafdc87df99ea34c.jpg,640,640,cucumber,251,338,511,605
dhjsxbvjsdbvbh_png_jpg.rf.3d1a7259b6fb1f3b999ce3fdb246ca0f.jpg,640,640,girafe,100,0,544,639
drone-37-_png_jpg.rf.3db009c6103e7ad5e9425460d47305a2.jpg,640,640,drone,3,0,640,640
drone-10-_png_jpg.rf.37afee58c1293a63c836c68107730b79.jpg,640,640,drone,3,0,640,640
JDFBGKERBG_png_jpg.rf.37f2a26be8d680b0d0d4e66e60a0efcd.jpg,640,640,girafe,87,0,560,640
drone-8-_png_jpg.rf.3e3aab3c258d03dd58946ed685134b0f.jpg,640,640,drone,1,0,640,640
drone-12-_png_jpg.rf.374d863ae3cb92e8797d719ef82fe9e7.jpg,640,640,girafe,0,0,126,305
ekhtehgehgeuhg_png_jpg.rf.4218433eb36508a93f6706c10954386d.jpg,640,640,cat,30,0,610,640
drone-14-_png_jpg.rf.3c4c1a6b1c474359eb352c2a195b355a.jpg,640,640,drone,1,0,640,640
QERGHRSHSRT_jpg.rf.408d25a722fd6eeaddc09a01c7d53c45.jpg,640,640,drone,90,17,540,624
drone-38-_png_jpg.rf.427289e2cbb27a050c332f908374703e.jpg,640,640,drone,3,0,640,640
drone-35-_png_jpg.rf.3e212705f1177309ca85b93fc6ef4c9b.jpg,640,640,drone,18,17,624,625
drone-22-_png_jpg.rf.43abac05626d98648b622372af9d3017.jpg,640,640,drone,0,0,640,640
drone-7-_png_jpg.rf.45150dd320c11c472d98cb605f2f790a.jpg,640,640,drone,116,114,526,534
drone-1-_png_jpg.rf.3c4ec3619f49a3eb93351ef7200c54d9.jpg,640,640,drone,1,0,640,640
drone-24-_png_jpg.rf.459abc2f12705cbccaee3c2e0b3facea.jpg,640,640,drone,142,40,518,571
telechargement-1-_png_jpg.rf.3def15dd0317046e1e85bcf3eaa8136c.jpg,640,640,drone,22,13,622,625
drone-22-_png_jpg.rf.414152c95cfa3414da3ca60874cbb391.jpg,640,640,drone,0,0,640,640
drone-50-_png_jpg.rf.43b6133301db08a480335084b4731b2c.jpg,640,640,drone,21,3,621,640
drone-21-_png_jpg.rf.44b48248ceb55da4a4ba8da029b35644.jpg,640,640,drone,0,0,640,640
drone-51-_png_jpg.rf.3f8745b69695ac929f1818cf8c9216b5.jpg,640,640,drone,0,0,640,640
1818401_png_jpg.rf.4418023552b7c4e5d4c0f2adf598b533.jpg,640,640,drone,18,14,625,629
sjhgfze_png_jpg.rf.3f9cced857928d56392c15bfa70b07ec.jpg,640,640,nothing,5,3,633,633
drone-31-_png_jpg.rf.44b0a46c3a75187f0b2eb1d1f0687181.jpg,640,640,drone,1,0,640,640
telechargement_jpg.rf.3b09732be5193c408ad4b3ff80c7fcb2.jpg,640,640,drone,148,91,488,412
drone-19-_png_jpg.rf.3ff09e876f81e1123bbb4b9af1c81b87.jpg,640,640,drone,0,0,640,640
drone-51-_png_jpg.rf.440b0d51dbc98982da6f6a3de3dfc1c6.jpg,640,640,drone,0,0,640,640
drone-7-_png_jpg.rf.34e8817a0cd9712158e88d25a9439522.jpg,640,640,drone,116,114,526,534
drone-40-_png_jpg.rf.48349c240f70315889c9d2a93b6755ba.jpg,640,640,drone,1,0,640,640
srger_png_jpg.rf.487569aead21d5815ffff39d14022430.jpg,640,640,cat,28,0,615,640
telechargement_jpg.rf.4b55b552c8e59e78b3034025749508d1.jpg,640,640,drone,148,91,488,412
drone-55-_png_jpg.rf.4a793b0d890ca8ca80e2c00df47d2950.jpg,640,640,drone,80,0,562,640
drone-56-_png_jpg.rf.49e7ec1b7e9feab9906b2fa56617881d.jpg,640,640,drone,77,0,566,640
drone-52-_png_jpg.rf.45d75942cf8b93d0cd3fd19dd533db5e.jpg,640,640,drone,178,238,462,448
JDFBGKERBG_jpg.rf.4bf093b07c5d838b928d3c21904dda2c.jpg,640,640,girafe,84,0,562,640
drone-34-_png_jpg.rf.4adc72ef9f72f87c14f703ccdacf80e7.jpg,640,640,drone,0,0,640,640
drone-35-_png_jpg.rf.48a9f6231928e6f79f8df363ddb9796d.jpg,640,640,drone,18,17,624,625
drone-51-_png_jpg.rf.49fc01c5fedaafaafbe4226532315453.jpg,640,640,drone,0,0,640,640
srger_jpg.rf.4649f1f32eba15e4e47c2053a8b7ee7a.jpg,640,640,cat,29,2,614,639
drone-46-_png_jpg.rf.47092fa90ade758f9413a79659fc553c.jpg,640,640,nothing,3,0,640,640
drone-39-_png_jpg.rf.4a3f212ef286f60b970c3bde016ad750.jpg,640,640,drone,0,0,640,640
telechargement_png_jpg.rf.47c5d6814f75e272f23e82fc9849e7a4.jpg,640,640,drone,145,93,495,413
drone-57-_png_jpg.rf.47473ea223689d4fb8bc56db78643d94.jpg,640,640,drone,1,0,640,640
drone-52-_png_jpg.rf.4b191576d8480d590c435b29a15bd9e6.jpg,640,640,drone,178,238,462,448
drone-19-_png_jpg.rf.492706046f5722f3f4f6a531bc70feb7.jpg,640,640,drone,0,0,640,640
drone-39-_png_jpg.rf.4a15d321317faf370a5b444784d89cae.jpg,640,640,drone,0,0,640,640
drone-55-_png_jpg.rf.4bbc2fd227827365b8b5f2c05c8a18d6.jpg,640,640,drone,80,0,562,640
1800267_png_jpg.rf.4bc6898ddaa4b5c59eea18ac46950aae.jpg,640,640,drone,1,0,640,640
-fnbgvfdgdf_png_jpg.rf.4c030b307697ee1483d3475a6a325741.jpg,640,640,drone,0,0,640,640
drone-10-_png_jpg.rf.4cc81298513f460a34c1b23f4a865b8f.jpg,640,640,drone,3,0,640,640
jejbfjebjerhbv_jpg.rf.4df5bc7be1ccfb0e5661769d2a3e5d21.jpg,640,640,cucumber,4,38,640,304
jejbfjebjerhbv_jpg.rf.4df5bc7be1ccfb0e5661769d2a3e5d21.jpg,640,640,cucumber,34,229,298,489
jejbfjebjerhbv_jpg.rf.4df5bc7be1ccfb0e5661769d2a3e5d21.jpg,640,640,cucumber,252,339,508,598
drone-12-_png_jpg.rf.4cc0b6ebda54535beb25ae9f7b0aaf89.jpg,640,640,girafe,0,0,126,305
images_png_jpg.rf.4c4c1117daf445e0a2d02db0c9fdc7d4.jpg,640,640,drone,8,9,632,633
drone-52-_png_jpg.rf.4ff4521b819cfee250ce8b32a14ff9c3.jpg,640,640,drone,178,238,462,448
drone-27-_png_jpg.rf.4dbf7849143d7c744af38165ef4795ef.jpg,640,640,drone,3,0,640,640
drone-17-_png_jpg.rf.4ebf39cff3c0faa758d72fa188dd3d97.jpg,640,640,drone,90,149,548,504
1800267_png_jpg.rf.44c348ce8e5b19fd2259b661c156b5cf.jpg,640,640,drone,1,0,640,640
drone-37-_png_jpg.rf.4eee90d7bb38eee8c15df14d042827ba.jpg,640,640,drone,3,0,640,640
drone-39-_png_jpg.rf.553ebd9d7086bc699cbaf9a885241000.jpg,640,640,drone,0,0,640,640
djfhbgkdbgsrg_png_jpg.rf.4ff6039b5a16a6e1f8f071db235e09e7.jpg,640,640,girafe,99,0,539,640
drone-32-_png_jpg.rf.4ec822fc23e641c5fd20e6b282248f9f.jpg,640,640,drone,157,59,498,552
drone-32-_png_jpg.rf.5061934f4146c06729d1639cdd0332e7.jpg,640,640,drone,157,59,498,552
telechargement_jpg.rf.5203c6b1b25d186e38defe216915bb21.jpg,640,640,drone,148,91,488,412
drone-21-_png_jpg.rf.508bccf2baca218767044afe3e5a96c2.jpg,640,640,drone,0,0,640,640
drone-13-_png_jpg.rf.531fb0ea5ac35df14393ecc6bb03efb2.jpg,640,640,drone,3,26,557,616
drone-9-_png_jpg.rf.50d3fc46ec4b2e1f7b8c38bfcbe5843b.jpg,640,640,drone,1,1,640,640
drone-22-_png_jpg.rf.56f3ccc031a9f26263b046a7c91835ea.jpg,640,640,drone,0,0,640,640
drone-16-_png_jpg.rf.578afb20f2a60d45bd83668046c9222a.jpg,640,640,drone,0,0,640,640
drone-27-_png_jpg.rf.52228ab798493b38bfbf15608b31d9a4.jpg,640,640,drone,3,0,640,640
telechargement_png_jpg.rf.5768fa5fa25f798bb6f3de303063cf3e.jpg,640,640,drone,145,93,495,413
HCHCC_png_jpg.rf.5266581d7fad1665f15943ba44ad4906.jpg,640,640,cat,38,0,533,640
ekhtehgehgeuhg_png_jpg.rf.5a740f8f478cba5a371d10c73b6e02a9.jpg,640,640,cat,30,0,610,640
ekhtehgehgeuhg_png_jpg.rf.4c107cae2d428400d758d32045780f4c.jpg,640,640,cat,30,0,610,640
telechargement-1-_png_jpg.rf.5942f60c19b9bc748dc6bf6c06f3568c.jpg,640,640,drone,22,13,622,625
drone-4-_png_jpg.rf.5ac99ae33d3838dce313c09e6a6d9a3a.jpg,640,640,drone,0,0,640,640
jgberbgseg_png_jpg.rf.5504d653b4791eb0be3b4b4a737364b5.jpg,640,640,drone,0,0,640,640
jgberbgseg_png_jpg.rf.578c4d1fba7db0ade3e96390eac68eee.jpg,640,640,drone,0,0,640,640
sjdgs_png_jpg.rf.5d51cb2d890bbdbd7d5a35711230d8db.jpg,640,640,drone,1,2,640,640
drone-10-_png_jpg.rf.5713cbe3791c59a46e629abb8cf11076.jpg,640,640,drone,3,0,640,640
drone-8-_png_jpg.rf.586143def0894e3a3cf3d1f2584c9f95.jpg,640,640,drone,1,0,640,640
ekhtehgehgeuhg_png_jpg.rf.5cf28ff6cc3ccab9e74ab4a4f4ba75d7.jpg,640,640,cat,30,0,610,640
drone-7-_png_jpg.rf.5799aba29a83d8676a28fc90f3725adb.jpg,640,640,drone,116,114,526,534
drone-14-_png_jpg.rf.5f31e83a2b1b13b3d61e8d22b58b097a.jpg,640,640,drone,1,0,640,640
drone-19-_png_jpg.rf.5ab62ea2dcf95fe1126b5d64e3b28e56.jpg,640,640,drone,0,0,640,640
drone-32-_png_jpg.rf.53790a4ad0808d7e123bd2074e114749.jpg,640,640,drone,157,59,498,552
drone-53-_png_jpg.rf.5d8dfc837763824dea2509223463223d.jpg,640,640,drone,3,0,640,640
images_png_jpg.rf.5bc7e9e6308929f838c124e350b81a84.jpg,640,640,drone,8,9,632,633
1800267_png_jpg.rf.594dbf4d5ad2d4602843571e10bb0fa8.jpg,640,640,drone,1,0,640,640
drone-34-_png_jpg.rf.5da21b35e2d9911c4ecfead523841042.jpg,640,640,nothing,0,0,640,640
drone-52-_png_jpg.rf.608735969d6fc4cf2dca340b22858114.jpg,640,640,drone,178,238,462,448
1818401_png_jpg.rf.5ff8b0a58d6f1db9a21397052a595769.jpg,640,640,drone,18,14,625,629
HCHCC_jpg.rf.5fbf6c2d94e616e925a6b3d8b4c9e7df.jpg,640,640,cat,41,3,532,640
drone-33-_png_jpg.rf.57829c29c4c4d779d5571b3d0bf3af2c.jpg,640,640,drone,164,182,486,467
djfhbgkdbgsrg_png_jpg.rf.5f9c0fa21f3341e1b57926d8b1d4f32b.jpg,640,640,girafe,99,0,539,640
QERGHRSHSRT_png_jpg.rf.4ed501cc78ceb7de5bf83ba7ce07172f.jpg,640,640,drone,100,14,539,621
drone-38-_png_jpg.rf.6110cd16d914bfde4433ec2c7502f61a.jpg,640,640,drone,3,0,640,640
drone-17-_png_jpg.rf.5acd0d9a30ff20a5717561835c7a86f3.jpg,640,640,drone,90,149,548,504
drone-55-_png_jpg.rf.602fc724e2dc006d8d03f3e9f2d489b9.jpg,640,640,drone,80,0,562,640
drone-3-_png_jpg.rf.5f27bda43634038eef0bab182d322513.jpg,640,640,drone,199,0,441,640
drone-50-_png_jpg.rf.61121bee9aef6abf33b2e460857b5f5f.jpg,640,640,drone,21,3,621,640
drone-25-_png_jpg.rf.5fcf0c4eb663feaa7035136978a3275e.jpg,640,640,drone,145,49,519,583
drone-21-_png_jpg.rf.62530c21c05542ddd09f1d7daad61e40.jpg,640,640,drone,0,0,640,640
drone-37-_png_jpg.rf.61393bbbd62d5ed4005ddf4b36aad1a3.jpg,640,640,drone,3,0,640,640
drone-51-_png_jpg.rf.63933eff5605f3218531333c60d10c92.jpg,640,640,drone,0,0,640,640
drone-43-_png_jpg.rf.60f530bfeeb711389ba0bfd492d61e65.jpg,640,640,drone,17,13,621,624
drone-2-_png_jpg.rf.5f795fee0e36caf3c66e810d89efe606.jpg,640,640,drone,0,0,640,640
drone-27-_png_jpg.rf.6305a2d426315ae16f0f7ddf32c1666a.jpg,640,640,drone,3,0,640,640
JGHKVUJVHB_jpg.rf.65d5c9339b3998212c8e241a0abf767b.jpg,640,640,drone,14,15,628,625
drone-21-_png_jpg.rf.64e40b7ea3503f609235dceb8780c3bf.jpg,640,640,drone,0,0,640,640
drone-25-_png_jpg.rf.60302e4abdd375eb7d65a470084d950e.jpg,640,640,drone,145,49,519,583
1818401_png_jpg.rf.66b938886ae07a664d98af88ebae1e4a.jpg,640,640,drone,18,14,625,629
drone-35-_png_jpg.rf.631d226d533d240b49925276bf29dd0a.jpg,640,640,drone,18,17,624,625
1818401_jpg.rf.6678edee325f34f96d78368074168bab.jpg,640,640,drone,0,0,640,640
QERGHRSHSRT_png_jpg.rf.66d105f85c1e2e5cdd510a670db1bcd0.jpg,640,640,drone,100,14,539,621
drone-7-_png_jpg.rf.6742778fbadbd29adb141b57fa3b9c83.jpg,640,640,drone,116,114,526,534
telechargement_png_jpg.rf.6417e21aad5544b91d37e05bdb9215ad.jpg,640,640,drone,145,93,495,413
drone-9-_png_jpg.rf.62a62e3a748ed5e2c9ccc5b4c96e1d0f.jpg,640,640,nothing,1,1,640,640
djfhbgkdbgsrg_jpg.rf.6c4ae3c4e8f957b7f51a811a0fe68b55.jpg,640,640,girafe,101,1,545,640
drone-44-_png_jpg.rf.6d6cf540ae4b05410ac9ed63a686011a.jpg,640,640,drone,19,20,621,622
drone-38-_png_jpg.rf.6800ef245f8b13429061fd02631e80b6.jpg,640,640,drone,3,0,640,640
sjhgfze_png_jpg.rf.6844c7d3ec6981205aedc3fc5e927e79.jpg,640,640,nothing,5,3,633,633
-fnbgvfdgdf_png_jpg.rf.67ed3facbee693c8dd50c73e428c7dd3.jpg,640,640,drone,0,0,640,640
dhjsxbvjsdbvbh_png_jpg.rf.6b47165247e15f03db0eb82bfce2ede1.jpg,640,640,girafe,100,0,544,639
JDFBGKERBG_png_jpg.rf.6c8e87e7bf0598861f2bd546bd1fb2a1.jpg,640,640,girafe,87,0,560,640
drone-57-_png_jpg.rf.6dbcae149ffa437236e2eb7004fa70f2.jpg,640,640,drone,1,0,640,640
drone-47-_png_jpg.rf.6c07bcaad5671e838c20413f8433fc99.jpg,640,640,drone,0,0,640,640
drone-10-_png_jpg.rf.6a1e741058f04d6579c772ebd3b79c9c.jpg,640,640,drone,3,0,640,640
drone-40-_png_jpg.rf.6c293812e181384b2bbad16773dbbca4.jpg,640,640,drone,1,0,640,640
drone-43-_png_jpg.rf.6bce6cf104fcbdfc8452197375eb1ffb.jpg,640,640,drone,17,13,621,624
drone-12-_png_jpg.rf.69ba50dcd03a6291378f6fb32a09c240.jpg,640,640,girafe,0,0,126,305
drone-29-_png_jpg.rf.6ffc3dd517dbb68e1ef5539eb06dd035.jpg,640,640,nothing,0,0,640,640
drone-36-_png_jpg.rf.6b16aa0ccd6c8ba8ead96a2c0992727e.jpg,640,640,drone,0,1,640,640
drone-57-_png_jpg.rf.6cc61f606ac16f2261d74f563d5d984a.jpg,640,640,drone,1,0,640,640
drone-16-_png_jpg.rf.6ee87f71db5e119f1cd5763fe9a4b0de.jpg,640,640,drone,0,0,640,640
ekhtehgehgeuhg_png_jpg.rf.6f705a7320ec0e1acabf2e5cc8e7466f.jpg,640,640,cat,30,0,610,640
drone-11-_png_jpg.rf.6db9d5cf6d28e3e920028c26db608c31.jpg,640,640,drone,2,0,638,639
drone-18-_png_jpg.rf.6dfe05dd2a920e96e122cdf54bd9023f.jpg,640,640,nothing,1,1,640,640
drone-3-_png_jpg.rf.6f2be65be8218a9398a171afeacfe4c8.jpg,640,640,drone,199,0,441,640
drone-40-_png_jpg.rf.6f9d8df7257d12d64e00a4cc3f7954d5.jpg,640,640,drone,1,0,640,640
drone-33-_png_jpg.rf.6e438ca5b698468dcec9412f7e5c2641.jpg,640,640,drone,164,182,486,467
drone-25-_png_jpg.rf.6f89211ca294b25f64f42d0f18b1a2df.jpg,640,640,drone,145,49,519,583
drone-46-_png_jpg.rf.702e9571c7de7f3d7487f543e0d1316f.jpg,640,640,nothing,3,0,640,640
drone-23-_png_jpg.rf.71256cf0f273c9853c18fb39ffda20e2.jpg,640,640,drone,76,0,567,640
drone-13-_png_jpg.rf.715d4faef569661bd3c36be451c496df.jpg,640,640,drone,3,26,557,616
drone-57-_png_jpg.rf.708a5a02a2b08240092ef61a1f59cf11.jpg,640,640,drone,1,0,640,640
telechargement-1-_png_jpg.rf.70005700e9bd8d4865332798a7849540.jpg,640,640,drone,22,13,622,625
drone-59-_png_jpg.rf.6ffe9383ac8bf1d2772561d0a6684624.jpg,640,640,nothing,27,52,619,589
drone-10-_png_jpg.rf.7170eb6930fd30b1a09560528b38f34e.jpg,640,640,drone,3,0,640,640
drone-40-_png_jpg.rf.71fd851aea219fbfa21b9ce56d7122c2.jpg,640,640,drone,1,0,640,640
telechargement_png_jpg.rf.70dbc614509b9435d2db034e29ac3e0f.jpg,640,640,drone,145,93,495,413
telechargement-1-_png_jpg.rf.71d1461b5345af6608f6d53b21d68baa.jpg,640,640,drone,22,13,622,625
drone-25-_png_jpg.rf.77e11ad289fb606cae5df9b358b2238c.jpg,640,640,drone,145,49,519,583
YUKGO_jpg.rf.7328355b435dcc938438df898a787184.jpg,640,640,drone,18,12,628,624
drone-17-_png_jpg.rf.70c5802f1a9a9abe0b8f811bcf693248.jpg,640,640,drone,90,149,548,504
drone-25-_png_jpg.rf.73dc38cd9c935a52e30d802d848524dc.jpg,640,640,drone,145,49,519,583
ekhtehgehgeuhg_png_jpg.rf.702d826533921c246c06e3405a3d9395.jpg,640,640,cat,30,0,610,640
drone-39-_png_jpg.rf.70822d9336b24aa8e153420ccff969cf.jpg,640,640,drone,0,0,640,640
drone-18-_png_jpg.rf.7791694d6a0013016a70816a347e75a8.jpg,640,640,nothing,1,1,640,640
1800267_png_jpg.rf.765772b6c8aec33016b93c991b68d6de.jpg,640,640,drone,1,0,640,640
drone-27-_png_jpg.rf.75a5184d0dbec803d054469ab875c139.jpg,640,640,drone,3,0,640,640
jgberbgseg_png_jpg.rf.74f3be0e5171d9b2a448cbabb2b51078.jpg,640,640,drone,0,0,640,640
drone-1-_png_jpg.rf.77653a0e0613a6761af0ade77bfa52b5.jpg,640,640,drone,1,0,640,640
drone-33-_png_jpg.rf.7745dcd058eb3a674e3c9487d07f9fd8.jpg,640,640,drone,164,182,486,467
drone-18-_png_jpg.rf.7c4a128eeaf639179519876ce9ea10bd.jpg,640,640,nothing,0,0,640,640
drone-57-_png_jpg.rf.723f556607c950babf4b130ce2bc7d9a.jpg,640,640,drone,1,0,640,640
drone-11-_png_jpg.rf.77fcc3d32a367516db0999d6ee675466.jpg,640,640,drone,2,0,638,639
drone-45-_png_jpg.rf.7803816751b627a2686a669f0c29cffa.jpg,640,640,drone,0,0,640,640
images_png_jpg.rf.7a5f6e8297981b865712871ed577d436.jpg,640,640,drone,8,9,632,633
jejbfjebjerhbv_jpg.rf.7c7b3658545b4a6ae0ab7e317aacf5b0.jpg,640,640,cucumber,4,38,640,304
jejbfjebjerhbv_jpg.rf.7c7b3658545b4a6ae0ab7e317aacf5b0.jpg,640,640,cucumber,34,229,298,489
jejbfjebjerhbv_jpg.rf.7c7b3658545b4a6ae0ab7e317aacf5b0.jpg,640,640,cucumber,252,339,508,598
drone-4-_png_jpg.rf.7de651e800aec56b4fa744c9f6662f70.jpg,640,640,drone,0,0,640,640
drone-46-_png_jpg.rf.7b0a7ecb59abd3de44d3c67076453825.jpg,640,640,nothing,3,0,640,640
drone-39-_png_jpg.rf.7e0720b4c2b79c1006c0d00548d554aa.jpg,640,640,drone,0,0,640,640
drone-50-_png_jpg.rf.7a2a28fc75e73ef39fb4246f4c21176f.jpg,640,640,drone,21,3,621,640
sjhgfze_jpg.rf.7b7eaffebf759151a836d09cd80781a7.jpg,640,640,drone,0,1,632,640
drone-32-_png_jpg.rf.7d609fb143bc851fcfc36634021b1598.jpg,640,640,drone,157,59,498,552
drone-15-_png_jpg.rf.7cee78138bafbe25f9306b28bc17df5c.jpg,640,640,drone,189,158,333,326
sjhgfze_jpg.rf.7f504a55f32f8d1e2ff5cdeb2dcd6970.jpg,640,640,drone,0,1,632,640
images_jpg.rf.77eef707f78269500cc61ff6adffade0.jpg,640,640,drone,13,8,634,620
drone-8-_png_jpg.rf.802e273676fd216cd1ab33be583e3360.jpg,640,640,drone,1,0,640,640
drone-22-_png_jpg.rf.76bd3b7018029ccd506c6a6c558e429d.jpg,640,640,drone,0,0,640,640
drone-8-_png_jpg.rf.7c9a49d54062131b326f2bec3e9836c2.jpg,640,640,drone,1,0,640,640
drone-31-_png_jpg.rf.7ed53045f66d8b0518000a004c094b7b.jpg,640,640,drone,1,0,640,640
srger_png_jpg.rf.8247afbaf47ccf2ef5b37b39abaff935.jpg,640,640,cat,28,0,615,640
drone-8-_png_jpg.rf.8166c968d4ff7a156bbf65c021cd1c56.jpg,640,640,drone,1,0,640,640
JDFBGKERBG_png_jpg.rf.808bc859ec203a43d6609c1fdfce2eff.jpg,640,640,girafe,87,0,560,640
drone-16-_png_jpg.rf.80667390c5f32941442bc17b597bc774.jpg,640,640,drone,0,0,640,640
sjdgs_png_jpg.rf.805917981edf7d2b43179385af4f4f84.jpg,640,640,drone,1,2,640,640
drone-45-_png_jpg.rf.847d26608bff4a1d0e07d30d15d34a9d.jpg,640,640,drone,0,0,640,640
drone-5-_png_jpg.rf.84fcacc32954effdf5b5ceec7753fe18.jpg,640,640,drone,86,93,543,587
drone-9-_png_jpg.rf.85dbece6ae34f0678e6f2b2417e66fc1.jpg,640,640,drone,1,1,640,640
1800267_png_jpg.rf.73faa5417fb3f2868ebed43019251270.jpg,640,640,drone,1,0,640,640
jejbfjebjerhbv_png_jpg.rf.844f7e410f4178f0a3785b102ca7629d.jpg,640,640,cucumber,0,32,640,302
jejbfjebjerhbv_png_jpg.rf.844f7e410f4178f0a3785b102ca7629d.jpg,640,640,cucumber,30,225,299,487
jejbfjebjerhbv_png_jpg.rf.844f7e410f4178f0a3785b102ca7629d.jpg,640,640,cucumber,251,338,511,605
drone-44-_png_jpg.rf.81a2ec25b945d4da582cf4be4d6cc0a8.jpg,640,640,drone,19,20,621,622
drone-11-_png_jpg.rf.8600b350d99ed6ee7057626abf2097d8.jpg,640,640,drone,2,0,638,639
telechargement_png_jpg.rf.85701a0d2f63b427c92ea2653472428a.jpg,640,640,drone,145,93,495,413
drone-19-_png_jpg.rf.7e26a49a5c5dc8cce9ba9ad2872e062b.jpg,640,640,drone,0,0,640,640
zjhsrgvflzesirfjlvbckesjdhrgvdkceijghfvclzef_png_jpg.rf.873d3810ba076d4f052af7ef2940f4c5.jpg,640,640,girafe,4,8,562,552
drone-3-_png_jpg.rf.86007a569d50c514410987b34dd3a21a.jpg,640,640,drone,199,0,441,640
dhjsxbvjsdbvbh_png_jpg.rf.8797afb093ce1440b02094f08cdb8314.jpg,640,640,girafe,100,0,544,639
drohne_jpg.rf.81f17a32e0a4b14d0bf485a84dca5ccb.jpg,640,640,drone,1,1,640,640
drone-13-_png_jpg.rf.85ab7127dacd3c9aa818c0ea4c9fb359.jpg,640,640,drone,3,26,557,616
drohne_png_jpg.rf.86f989908bab4712e91bfe146d1af265.jpg,640,640,drone,0,0,640,640
drone-14-_png_jpg.rf.85193b8ceb1a153022c561a88d5d27aa.jpg,640,640,drone,1,0,640,640
drone-25-_png_jpg.rf.892cca0dd8e583d73ed133081e81e624.jpg,640,640,drone,145,49,519,583
HCHCC_jpg.rf.871eb04ac90b228e6803821883745b36.jpg,640,640,cat,41,3,532,640
drone-17-_png_jpg.rf.883dc9224b97576c11b9b143440d5c4b.jpg,640,640,drone,90,149,548,504
drone-58-_png_jpg.rf.838396aeca4db34924e63eafbb99f7ba.jpg,640,640,drone,0,0,640,640
drone-18-_png_jpg.rf.8747269851feaffefc49d81814c9ca44.jpg,640,640,nothing,1,1,640,640
drone-52-_png_jpg.rf.8995a3ec79d25068f26116623614f7e6.jpg,640,640,drone,178,238,462,448
drone-23-_png_jpg.rf.8c9b4be0ba48cde9da6d4f0221c3a976.jpg,640,640,drone,76,0,567,640
drone-47-_png_jpg.rf.89a34131ba077cf57bfd2ef180750f26.jpg,640,640,drone,0,0,640,640
dhjsxbvjsdbvbh_png_jpg.rf.8ecfa0be41758b68f17be44f40e715e7.jpg,640,640,girafe,100,0,544,639
drone-33-_png_jpg.rf.8a3723e51312e6cfe469b3ceb9ec5e57.jpg,640,640,drone,164,182,486,467
images_jpg.rf.8a3a81ec0ae1da3abbc6a5b1be838be3.jpg,640,640,drone,13,8,634,620
drone-38-_png_jpg.rf.9028d8f10b9486a9e4ce7a2601866c20.jpg,640,640,drone,3,0,640,640
drone-9-_png_jpg.rf.8d629c4ed66cae9e5466537788880e83.jpg,640,640,nothing,1,1,640,640
drone-6-_png_jpg.rf.90d2f4cf510acd32b209bacecce0ffad.jpg,640,640,drone,1,0,640,640
drone-12-_png_jpg.rf.8afbf6fd9487c5997baf7af3e3bb864d.jpg,640,640,girafe,0,0,126,305
telechargement_png_jpg.rf.8bba5931a64ae8ec4ef1135de147c5c9.jpg,640,640,drone,145,93,495,413
djfhbgkdbgsrg_png_jpg.rf.900f6e3102d26003e17b299b139be77c.jpg,640,640,girafe,99,0,539,640
sjhgfze_png_jpg.rf.8c265b4eba43200ccfdf61d7d00a7aba.jpg,640,640,nothing,5,3,633,633
sjdgs_png_jpg.rf.927803258cfa43768b3a822f8652574d.jpg,640,640,drone,1,2,640,640
drone-15-_png_jpg.rf.8d466043688aac92d18f49adeb4ce8fd.jpg,640,640,drone,189,158,333,326
drone-51-_png_jpg.rf.8d18e6b8769fb067c5a4ddc5f1e4f653.jpg,640,640,drone,0,0,640,640
drone-16-_png_jpg.rf.921565fc024cac51c2b53f0c35900fc8.jpg,640,640,drone,0,0,640,640
drone-12-_png_jpg.rf.921833f7c70af73b08269411cf2d383b.jpg,640,640,girafe,0,0,126,305
drone-26-_png_jpg.rf.920bfc19c2d2b691dfdc571dbbe1ba59.jpg,640,640,drone,0,0,640,640
drone-7-_png_jpg.rf.8feba62237919bac29d18a672e3e9d9f.jpg,640,640,drone,116,114,526,534
sjhgfze_jpg.rf.8e665c33ed31e5171e80b6b479d19290.jpg,640,640,drone,0,1,632,640
1800267_png_jpg.rf.93e0c0410240d4972f1ca8333c2c071b.jpg,640,640,drone,1,0,640,640
drone-3-_png_jpg.rf.92d00112c0200913c0518c36e9cac0e1.jpg,640,640,drone,199,0,441,640
drone-43-_png_jpg.rf.8e254a091a30bd3c8fc52991896ed3d7.jpg,640,640,drone,17,13,621,624
jgberbgseg_png_jpg.rf.9247d7ed47e49575a49d0321dbce4f12.jpg,640,640,drone,0,0,640,640
drone-27-_png_jpg.rf.932a5d152ee94183338992d1cc729c0d.jpg,640,640,drone,3,0,640,640
drone-8-_png_jpg.rf.930f9b81864c4015e57c5c082f5ade11.jpg,640,640,drone,1,0,640,640
1800267_png_jpg.rf.926358402384dab359989dfd2012089e.jpg,640,640,drone,1,0,640,640
drone-26-_png_jpg.rf.94e193f5fcdfb9050579540712abcacd.jpg,640,640,drone,0,0,640,640
drone-40-_png_jpg.rf.8a74990c79983ae1965827d91a49615b.jpg,640,640,drone,1,0,640,640
drone-46-_png_jpg.rf.9627d7aaa75b8f02085ba34b9c208174.jpg,640,640,nothing,3,0,640,640
drone-7-_png_jpg.rf.933fd55879fbcf87c38c6b054cb18a4b.jpg,640,640,drone,116,114,526,534
HCHCC_png_jpg.rf.936c171073a8f4e78c39b97e799fe063.jpg,640,640,cat,38,0,533,640
drone-40-_png_jpg.rf.9b40a86dba59d7c4fb23941c0a8359f5.jpg,640,640,drone,1,0,640,640
drone-17-_png_jpg.rf.97be28ed96bd4f0d30ce4c017b670d3d.jpg,640,640,drone,90,149,548,504
drone-29-_png_jpg.rf.9ae3742212ad603bf93221fda09668cb.jpg,640,640,nothing,0,0,640,640
drone-32-_png_jpg.rf.96e7a93003baac17a238bff2c0ed2b94.jpg,640,640,drone,157,59,498,552
drone-43-_png_jpg.rf.9495359434ed503f701036c7157a2dd7.jpg,640,640,drone,17,13,621,624
1800267_png_jpg.rf.9b85e31187d45b0eddbe1e3cd7b6c52b.jpg,640,640,drone,1,0,640,640
JDFBGKERBG_png_jpg.rf.97b77e204b0510b632d878edc5b433b5.jpg,640,640,girafe,87,0,560,640
HCHCC_png_jpg.rf.95b65547af49c97938cccb93b85b21d7.jpg,640,640,cat,38,0,533,640
drone-8-_png_jpg.rf.98d4101f6378d987ae30bf8bdd8fd658.jpg,640,640,drone,1,0,640,640
drone-17-_png_jpg.rf.96a2b64c8855dcca7a7044dbaf70855d.jpg,640,640,drone,90,149,548,504
JDFBGKERBG_jpg.rf.95fb6196b8ce0c32c38446962007dcb7.jpg,640,640,girafe,84,0,562,640
drone-34-_png_jpg.rf.9968eb5ee6091e1bcc09b7c927ea7802.jpg,640,640,nothing,0,0,640,640
drone-39-_png_jpg.rf.9bbb8426e09eed503702675d6a32a982.jpg,640,640,drone,0,0,640,640
drone-16-_png_jpg.rf.9a6ebc1bf417955fff46f7e0d5ebf7b8.jpg,640,640,drone,0,0,640,640
gHDVEZ_png_jpg.rf.9d285a9e21007d81035b45dd49441951.jpg,640,640,cucumber,0,31,640,306
gHDVEZ_png_jpg.rf.9d285a9e21007d81035b45dd49441951.jpg,640,640,cucumber,31,231,301,487
gHDVEZ_png_jpg.rf.9d285a9e21007d81035b45dd49441951.jpg,640,640,cucumber,245,338,515,601
sjhgfze_png_jpg.rf.9c8aa2645c0018d9de97b0c56a26596f.jpg,640,640,nothing,5,3,633,633
drone-56-_png_jpg.rf.a04c2136d1062390965f3aa8cfd932b7.jpg,640,640,drone,77,0,566,640
drone-15-_png_jpg.rf.9bffde850fedb4b81602d365076e6ea1.jpg,640,640,drone,189,158,333,326
drone-53-_png_jpg.rf.9864e52fbe8ebbb3fb26c0b05dcab80f.jpg,640,640,drone,3,0,640,640
gHDVEZ_jpg.rf.97cde0317c18d9d7cb0822f8293febf5.jpg,640,640,cucumber,0,36,640,301
gHDVEZ_jpg.rf.97cde0317c18d9d7cb0822f8293febf5.jpg,640,640,cucumber,40,227,295,490
gHDVEZ_jpg.rf.97cde0317c18d9d7cb0822f8293febf5.jpg,640,640,cucumber,246,340,514,598
drone-15-_png_jpg.rf.9ee1170411a93cab0a77b14e6bb230e4.jpg,640,640,drone,189,158,333,326
drone-3-_png_jpg.rf.9d3a065a4a8dd24500779dc07a5ae4b3.jpg,640,640,drone,199,0,441,640
1818401_png_jpg.rf.9d95ffdb6e5f6cc6504054f81788a3e2.jpg,640,640,drone,18,14,625,629
drone-34-_png_jpg.rf.9f7990cb007cb7bb0e63d48023c93997.jpg,640,640,nothing,0,0,640,640
-fnbgvfdgdf_png_jpg.rf.a17d7768b56eefed2059db103987b8f7.jpg,640,640,drone,0,0,640,640
telechargement-1-_png_jpg.rf.9e09ed953e42e43e65c5afe60a896a9e.jpg,640,640,drone,22,13,622,625
drone-15-_png_jpg.rf.a27842e54fe93219329b0dccd341c15d.jpg,640,640,drone,189,158,333,326
drone-30-_png_jpg.rf.a11515ac1a54f212da5eaf2035264661.jpg,640,640,drone,0,0,640,640
1818401_jpg.rf.a3f60845f0b81d7db7139df9f7026b84.jpg,640,640,drone,0,0,640,640
drone-31-_png_jpg.rf.a1c519d6218e0f46e8c55aa21398a362.jpg,640,640,drone,1,0,640,640
drone-31-_png_jpg.rf.a51c7cda6050e48fbf9291375ceb2803.jpg,640,640,drone,1,0,640,640
drone-31-_png_jpg.rf.a3a1202646eeab8f23ef1390c694e4bc.jpg,640,640,drone,1,0,640,640
telechargement_png_jpg.rf.a19797b8579b3a86c8c7a15e2d22b25e.jpg,640,640,drone,145,93,495,413
QERGHRSHSRT_png_jpg.rf.a395212c3c4fefa885250db510556cd9.jpg,640,640,drone,100,14,539,621
srger_png_jpg.rf.a33ea32d5c9359748a378a8add67c581.jpg,640,640,cat,28,0,615,640
drone-59-_png_jpg.rf.a2c126b29aac76e92b6f99bd69bd3c9a.jpg,640,640,nothing,27,52,619,589
drone-13-_png_jpg.rf.a599c45104eaf391b391af89944e886f.jpg,640,640,drone,3,26,557,616
1818401_png_jpg.rf.a69bef756955eaa5921b2a0610082751.jpg,640,640,drone,18,14,625,629
drone-33-_png_jpg.rf.9f3fbb007a142eb98a231bbe957f8c7e.jpg,640,640,drone,164,182,486,467
drone-2-_png_jpg.rf.a506b8124f833ff5423a46c64f94561d.jpg,640,640,drone,0,0,640,640
drone-15-_png_jpg.rf.a573e36f04525e9e16150f892fc1c043.jpg,640,640,drone,189,158,333,326
drone-3-_png_jpg.rf.a6cf390322befb2246a9af19c9b93477.jpg,640,640,drone,199,0,441,640
drone-40-_png_jpg.rf.a490397f02d968c779e58dbd1dcfe0ae.jpg,640,640,drone,1,0,640,640
drone-59-_png_jpg.rf.a3bf5a01ad65c292f2fc189ef115c78f.jpg,640,640,nothing,27,52,619,589
drone-44-_png_jpg.rf.a47814f80a1316f3315ede6d3cf7339b.jpg,640,640,drone,19,20,621,622
drohne_png_jpg.rf.a51cb66dc88e13230a0c788b09c53ae1.jpg,640,640,drone,0,0,640,640
dhjsxbvjsdbvbh_png_jpg.rf.a5e6ba85ffa3f551fabbdfcb748898c7.jpg,640,640,girafe,100,0,544,639
drone-44-_png_jpg.rf.a806bcaabf24e5a2804d59e8311e4a11.jpg,640,640,drone,19,20,621,622
drone-30-_png_jpg.rf.afedc1aaca50c5fccb2bfefd5d17729e.jpg,640,640,drone,0,0,640,640
drone-24-_png_jpg.rf.a670a54dbf9d63c015e401e91d851b35.jpg,640,640,drone,142,40,518,571
drone-18-_png_jpg.rf.afa243b46881054eec7a4b4a4d0491d6.jpg,640,640,nothing,0,0,640,640
drone-4-_png_jpg.rf.a92ea5073367e509b26b95ee2ee0fe0a.jpg,640,640,drone,0,0,640,640
drone-7-_png_jpg.rf.aa68e5c761bafc4a531563ed432f916c.jpg,640,640,drone,116,114,526,534
drone-1-_png_jpg.rf.a8b7b09d3371fdb29b118a9f7536562f.jpg,640,640,drone,1,0,640,640
djfhbgkdbgsrg_png_jpg.rf.b760944a2361aba705a3ff183fb70b49.jpg,640,640,girafe,99,0,539,640
drone-46-_png_jpg.rf.abb15a161a999a8a5696593c211f107c.jpg,640,640,nothing,3,0,640,640
drone-16-_png_jpg.rf.a84b92cc2d4cc1ef26d6ae0c48ff194c.jpg,640,640,drone,0,0,640,640
drone-34-_png_jpg.rf.a82cee071ef3701310e0f734ed9a46c1.jpg,640,640,drone,0,0,640,640
drone-9-_png_jpg.rf.9a9af20805b99354a369ea7775866ad2.jpg,640,640,drone,1,1,640,640
drone-50-_png_jpg.rf.ac0a32f9d6077964a1e688326bf286c5.jpg,640,640,drone,21,3,621,640
zjhsrgvflzesirfjlvbckesjdhrgvdkceijghfvclzef_png_jpg.rf.a95e50c53815d9c8af50e36eb49b0899.jpg,640,640,girafe,4,8,562,552
drone-57-_png_jpg.rf.b2c29a4b8213fdb05d221ed90d812d01.jpg,640,640,drone,1,0,640,640
drone-43-_png_jpg.rf.babda272eac9f851007de74bcb1fa680.jpg,640,640,drone,17,13,621,624
QERGHRSHSRT_png_jpg.rf.a96f20d87b32581d8afe33b3bf436d3c.jpg,640,640,drone,100,14,539,621
sjhgfze_png_jpg.rf.bcb76979b39341ff06945b6797fe814c.jpg,640,640,nothing,5,3,633,633
drone-35-_png_jpg.rf.b02673a571e84ac7935e3043204b753a.jpg,640,640,drone,18,17,624,625
zjhsrgvflzesirfjlvbckesjdhrgvdkceijghfvclzef_png_jpg.rf.b79ab33d1408c2a91c5ac39e9c57e0a8.jpg,640,640,girafe,4,8,562,552
drone-20-_png_jpg.rf.be9c5ec09c1a9e3d7e699580d7b99d8d.jpg,640,640,drone,0,0,640,640
drone-55-_png_jpg.rf.b159b91cd9a22398eeba437a26c1b463.jpg,640,640,drone,80,0,562,640
telechargement-1-_png_jpg.rf.afd4f4f93b497fda3d37903daf2af4ea.jpg,640,640,drone,22,13,622,625
drone-1-_png_jpg.rf.bad806b00fc48fb64ef7a3c3ef7607b6.jpg,640,640,drone,1,0,640,640
drone-10-_png_jpg.rf.b8e8c56c72f5303b953e268a83329870.jpg,640,640,drone,3,0,640,640
srger_jpg.rf.bec5ac21211fe8371bbcbb0af473adcb.jpg,640,640,cat,29,2,614,639
ekhtehgehgeuhg_png_jpg.rf.b4e2f2e3933bcd63b839b06546111112.jpg,640,640,cat,30,0,610,640
drone-59-_png_jpg.rf.bc91f86f0b4dd897ebe7da0ccd89a746.jpg,640,640,nothing,27,52,619,589
drone-1-_png_jpg.rf.bff214473fb7d6d441a854542b23d76c.jpg,640,640,drone,1,0,640,640
drone-46-_png_jpg.rf.b717c334a80997207265ddb07feb50bc.jpg,640,640,nothing,3,0,640,640
drone-26-_png_jpg.rf.bc601583c136a51564bbf287b661beaf.jpg,640,640,drone,0,0,640,640
drone-10-_png_jpg.rf.c0f8ea0598d4feeadb4f2d5700e42f0c.jpg,640,640,drone,3,0,640,640
drone-1-_png_jpg.rf.bc32164f7743f595ff4c33edac420e0f.jpg,640,640,drone,1,0,640,640
telechargement_png_jpg.rf.bd62a9055159a891709e9787d37ec3fb.jpg,640,640,drone,145,93,495,413
drone-16-_png_jpg.rf.b9e42c4214cd42cf17a0f90ada7cfc2c.jpg,640,640,drone,0,0,640,640
zjhsrgvflzesirfjlvbckesjdhrgvdkceijghfvclzef_png_jpg.rf.bbbd89f047e97cfc3e5a3f2dcafd4bdd.jpg,640,640,girafe,4,8,562,552
drone-43-_png_jpg.rf.c01a674a3aa24c44965d8242625982cf.jpg,640,640,drone,17,13,621,624
HCHCC_jpg.rf.c32a863d87a849b87a6a23eaf56ea093.jpg,640,640,cat,41,3,532,640
drone-15-_png_jpg.rf.c10950ed528607f8da4560911105b1f1.jpg,640,640,drone,189,158,333,326
drone-33-_png_jpg.rf.c2671f32f21fbdae7a69a229124dd2ee.jpg,640,640,drone,164,182,486,467
ekhtehgehgeuhg_jpg.rf.c10d82d5042ba68ab73c3f6c070b1a2f.jpg,640,640,cat,29,0,614,640
djfhbgkdbgsrg_png_jpg.rf.c1f45ff74749a746b56caf5082772735.jpg,640,640,girafe,99,0,539,640
drone-13-_png_jpg.rf.c24f6fb023949b343912036db8edd153.jpg,640,640,drone,3,26,557,616
drone-55-_png_jpg.rf.c0233f54b61935fe90c5b2c029d296be.jpg,640,640,drone,80,0,562,640
drone-32-_png_jpg.rf.c18c4faeced4ee0f2bd4fe7e24f393d4.jpg,640,640,drone,157,59,498,552
drone-55-_png_jpg.rf.c4227ed9be003776899c6e0feea91eb1.jpg,640,640,drone,80,0,562,640
erkhgbejkgn_jpg.rf.c7bd939efe758addbc68c23f2bc5bc8a.jpg,640,640,drone,1,1,640,640
dhjsxbvjsdbvbh_jpg.rf.c49fda3355826fd98ef4517d386a1b78.jpg,640,640,girafe,103,0,539,640
drone-39-_png_jpg.rf.b84076b3e441b79c03570a317d3f1ae0.jpg,640,640,drone,0,0,640,640
drone-44-_png_jpg.rf.c2bec523d7c471048140407f08c99686.jpg,640,640,drone,19,20,621,622
jgberbgseg_png_jpg.rf.c336c6ad3ec22b4d70629cb1b38e12b1.jpg,640,640,drone,0,0,640,640
drone-43-_png_jpg.rf.c37ac33c8a2ff91000cf8661d20498d9.jpg,640,640,drone,17,13,621,624
gHDVEZ_png_jpg.rf.c91309d69c6d5097e7d96acdc61f1e8e.jpg,640,640,cucumber,0,31,640,306
gHDVEZ_png_jpg.rf.c91309d69c6d5097e7d96acdc61f1e8e.jpg,640,640,cucumber,31,231,301,487
gHDVEZ_png_jpg.rf.c91309d69c6d5097e7d96acdc61f1e8e.jpg,640,640,cucumber,245,338,515,601
dhjsxbvjsdbvbh_jpg.rf.c4c70a1351498ddc6f2834438193d2f6.jpg,640,640,girafe,103,0,539,640
JDFBGKERBG_png_jpg.rf.c85d11dc8bcbf0daaa8b3286eed8f6b6.jpg,640,640,girafe,87,0,560,640
drone-36-_png_jpg.rf.c00efc6327f224d584f890aa43902980.jpg,640,640,drone,0,1,640,640
drone-3-_png_jpg.rf.c8311e81e86a887b04e6be879739c620.jpg,640,640,drone,199,0,441,640
zjhsrgvflzesirfjlvbckesjdhrgvdkceijghfvclzef_jpg.rf.c6dab33f99d9b1f374fc11fa5b0d1041.jpg,640,640,girafe,4,4,568,546
drone-35-_png_jpg.rf.c7acac593579e7a9d77fff11e8172bc8.jpg,640,640,drone,18,17,624,625
HCHCC_png_jpg.rf.ca8b4ecfecba4578039807d62ab5115b.jpg,640,640,cat,38,0,533,640
drone-27-_png_jpg.rf.c60795127a9a8f6665433d10043c2a09.jpg,640,640,drone,3,0,640,640
drone-6-_png_jpg.rf.caa88852f7abd64fdc7664e54f11937e.jpg,640,640,drone,1,0,640,640
drone-5-_png_jpg.rf.cb1484a9ba518edbb2dbd735e1ce8044.jpg,640,640,drone,86,93,543,587
drone-33-_png_jpg.rf.cbe0e8fd5352626f621d4d4b86820683.jpg,640,640,drone,164,182,486,467
1818401_png_jpg.rf.c6a6a9acf05a967835b546e39ef29e61.jpg,640,640,drone,18,14,625,629
sjdgs_png_jpg.rf.cc46d5724929348663985348e6339c2a.jpg,640,640,drone,1,2,640,640
drone-12-_png_jpg.rf.c926537e0a20002787aba19a584bc3f6.jpg,640,640,girafe,0,0,126,305
drone-3-_png_jpg.rf.cbe8dda40760bc1a336c64b8eb76f187.jpg,640,640,drone,199,0,441,640
drone-50-_png_jpg.rf.c5d733de5833287b3e62f2759651e4cb.jpg,640,640,drone,21,3,621,640
jgberbgseg_png_jpg.rf.cb2f36da3217f9c73a9454a2e46caa29.jpg,640,640,drone,0,0,640,640
images_png_jpg.rf.cb4e304b5b814554fa26bd20edde5723.jpg,640,640,drone,8,9,632,633
drone-26-_png_jpg.rf.caa8c7f1f44d4160f65ba4818196cbc0.jpg,640,640,drone,0,0,640,640
drone-43-_png_jpg.rf.cdba40dc9dd2e28e31e308e52f088a63.jpg,640,640,drone,17,13,621,624
images_png_jpg.rf.cb4791e5e0d3adf9bd30e2ea8658e9a1.jpg,640,640,drone,8,9,632,633
jgberbgseg_jpg.rf.cc6afa9399e67afb8563345f86d8144c.jpg,640,640,drone,2,1,640,640
drone-59-_png_jpg.rf.cdab241bc5f3af16de086c17fdfec164.jpg,640,640,nothing,27,52,619,589
drone-29-_png_jpg.rf.cc16ca70ef3ce1d6e4e3dbcdbe5a1d04.jpg,640,640,nothing,0,0,640,640
drone-7-_png_jpg.rf.cd13681765512ad202d474af958ad841.jpg,640,640,drone,116,114,526,534
sjdgs_jpg.rf.ccd31e2fdd295b865a11ef9db9b23818.jpg,640,640,drone,3,0,640,640